用户id,用户名,自我描述,教育背景,开放性,尽责性,外向性,宜人性,神经质,健康观点
0,幸福平安LZK,中医传承人,未知,中,高,中,高,中,强调通过按摩特定穴位、饮食调理等方法来维护和改善健康，如搓揉太渊穴增强肺气、按摩飞扬穴缓解腰痛、食用黄花菜改善记忆力等。
1,夏一夫2010,佛学站桩中医三大爱好，吾之幸事！,未知,高,高,中,高,中,强调通过佛学修行、站桩练习和中医方法来维护和改善健康。例如，分享通过按摩特定穴位（如万能止疼穴）缓解疼痛，以及食用红枣茶补气血、养皮肤等方法。
2,不想存在的每一天,未填写,未知,中,中,低,中,高,用户分享了与自身健康相关的经历，包括拔智齿后的后遗症、体重变化、肺部结节和肺大泡的复查结果等，显示其关注个人健康状况。
3,朱小蛮-,在北京有家月嫂机构，致力于专业月嫂服务。,未知,高,高,高,高,低,强调通过专业月嫂服务来维护和改善健康，关注母婴护理和健康管理。
4,清肝解郁,生活要充满正能量,未知,高,高,中,高,中,强调中医的重要性，分享中医治疗思路，关注健康管理，倡导通过中医方法维护和改善健康。
5,八零后努力,十年磨一剑！等待中出鞘！,未知,高,高,中,高,中,用户关注健康饮食，特别是对L-阿拉伯糖等功能性甜味添加剂的兴趣，分享相关产品和信息，倡导健康生活方式。
6,耳止丶,混邪乐子人什么都看一点。,未知,高,中,中,高,中,用户关注社会事件，如医疗事故和校园性侵事件，表达对受害者的同情和对不公行为的愤慨，显示其对社会健康问题的关切。
7,大红矛,互联网科技博主，微博原创视频博主,未知,高,高,高,高,中,用户关注食品安全等健康相关话题，强调食品卫生和消费者权益。
8,WSD是我,I am most handsome,未知,高,高,高,高,低,用户关注体育运动员，支持全红婵等运动员，可能对健康和运动有积极的态度。
9,W-EST02,未填写,未知,高,高,中,高,低,用户关注健康节目，分享健康知识，重视健康管理。
10,朱毅,微博乡村振兴助威团成员,中国农业大学,高,高,高,高,低,用户强调食品安全和健康饮食，分享食品安全知识，倡导科学理性的健康观念。
11,司马南,司马南，著名学者，时事评论员。,未知,高,高,高,中,中,用户关注社会热点话题，强调理性思考和健康的社会心态。
12,,,,,,,,,
13,,,,,,,,,
14,,,,,,,,,
15,,,,,,,,,
16,,,,,,,,,
17,,,,,,,,,
18,,,,,,,,,
19,,,,,,,,,
20,,,,,,,,,
21,,,,,,,,,
22,,,,,,,,,
23,,,,,,,,,
24,,,,,,,,,
25,,,,,,,,,
26,,,,,,,,,
27,,,,,,,,,
28,,,,,,,,,
29,,,,,,,,,
30,,,,,,,,,
31,,,,,,,,,
32,,,,,,,,,
33,,,,,,,,,
34,,,,,,,,,
35,,,,,,,,,
36,,,,,,,,,
37,,,,,,,,,
38,,,,,,,,,
39,,,,,,,,,
40,,,,,,,,,
41,,,,,,,,,
42,,,,,,,,,
43,,,,,,,,,
44,,,,,,,,,
45,,,,,,,,,
46,,,,,,,,,
47,,,,,,,,,
48,,,,,,,,,
49,,,,,,,,,